id,first_name,last_name,email,location,department
1,Nerita,Colby,ncolby0@blogger.com,Heyin,Sales
2,Odetta,Buckle,obuckle1@tinypic.com,Sośnie,Support
3,Normie,Sutherley,nsutherley2@illinois.edu,Bayuin,Marketing
4,Odille,Camillo,ocamillo3@yahoo.co.jp,Karangturi,Engineering
5,Ulrikaumeko,Folli,ufolli4@engadget.com,Xinxu,Product Management
6,Belicia,Paroni,bparoni5@etsy.com,Billdal,Human Resources
7,Leland,Povele,lpovele6@tamu.edu,Zemio,Human Resources
8,Maire,Swidenbank,mswidenbank7@quantcast.com,Wangmo,Sales
9,Pail,Rembrant,prembrant8@apache.org,Gostimë,Product Management
10,Collette,Kurt,ckurt9@nbcnews.com,Jiahu,Engineering
11,Cecilio,Hauxby,chauxbya@cpanel.net,Nangaroro,Engineering
12,Danica,Yockley,dyockleyb@shutterfly.com,Taunan,Human Resources
13,Morgen,Husher,mhusherc@bravesites.com,Amagbagan,Sales
14,Nial,Hurtado,nhurtadod@nsw.gov.au,Soe,Research and Development
15,Osbourn,Whooley,owhooleye@utexas.edu,Saint Paul,Support
16,Marve,Staniford,mstanifordf@t.co,Concepcion,Engineering
17,Grethel,Thewless,gthewlessg@wordpress.org,Chengnan,Legal
18,Chris,Biermatowicz,cbiermatowiczh@smh.com.au,Guihulñgan,Business Development
19,Al,Gerauld,agerauldi@ucsd.edu,Prantaan,Business Development
20,Frazer,Rizzetti,frizzettij@cdbaby.com,Ḩarīb,Legal
21,Brew,Travers,btraversk@miibeian.gov.cn,Cam Ranh,Business Development
22,Nollie,Jannequin,njannequinl@mail.ru,Båstad,Human Resources
23,Nessy,Bruty,nbrutym@intel.com,Liudong,Services
24,Elyn,Jantzen,ejantzenn@businessweek.com,Si Mahosot,Support
25,Basil,Hazelhurst,bhazelhursto@hhs.gov,Stockholm,Product Management
26,Dina,Paty,dpatyp@pbs.org,Bāfq,Human Resources
27,Raven,Dillow,rdillowq@scribd.com,Ihosy,Training
28,Vitoria,Pitchers,vpitchersr@github.io,Shiree,Legal
29,Worthington,Dike,wdikes@dropbox.com,Sa Bot,Marketing
30,Angy,Carthew,acarthewt@addtoany.com,Biloxi,Human Resources
31,Zara,Ketley,zketleyu@instagram.com,Dziadkowice,Engineering
32,Paolina,Crippell,pcrippellv@bloglines.com,Aborlan,Engineering
33,Cami,Scammell,cscammellw@google.cn,Sablé-sur-Sarthe,Services
34,Emili,Furse,efursex@springer.com,Yiliu,Product Management
35,Jannelle,Dean,jdeany@mapquest.com,Jackson,Engineering
36,Barnie,Ciric,bciricz@wufoo.com,Khong,Services
37,Leonelle,Trevear,ltrevear10@npr.org,Puerto Cabezas,Services
38,Marlon,Benbow,mbenbow11@dion.ne.jp,Sîngerei,Sales
39,Fania,Rolfini,frolfini12@theguardian.com,Maputo,Engineering
40,Hermy,Ramsdell,hramsdell13@bigcartel.com,Kunduz,Sales
41,Mair,Sarney,msarney14@squarespace.com,Langsa,Engineering
42,Brandise,Antrim,bantrim15@mayoclinic.com,Leipsoí,Legal
43,Theodore,Kitchingham,tkitchingham16@java.com,Cibetung Dua,Product Management
44,Charley,Berntsson,cberntsson17@naver.com,Bakunase,Marketing
45,Amelia,Slocombe,aslocombe18@squarespace.com,Sembungan Kidul,Training
46,Lorettalorna,Ungerechts,lungerechts19@phoca.cz,Hengxizhen,Marketing
47,Shayla,Lewknor,slewknor1a@slate.com,Taoling,Product Management
48,Valida,Gatland,vgatland1b@gnu.org,General Conesa,Human Resources
49,Thia,Falla,tfalla1c@prnewswire.com,Leyuan,Accounting
50,Dave,Darnody,ddarnody1d@adobe.com,Chexi,Product Management
51,Birgitta,Philipsen,bphilipsen1e@timesonline.co.uk,Porsgrunn,Engineering
52,Prudence,Bortolutti,pbortolutti1f@i2i.jp,Pudasjärvi,Support
53,Clemmie,Keiley,ckeiley1g@angelfire.com,Macklin,Training
54,Honey,Darrach,hdarrach1h@sina.com.cn,Fengmu,Research and Development
55,Ave,Cawcutt,acawcutt1i@ucsd.edu,Angao,Training
56,Orsola,Jukes,ojukes1j@examiner.com,Adygeysk,Marketing
57,Romain,Wherrit,rwherrit1k@discovery.com,Sosnovo-Ozerskoye,Marketing
58,Britteny,Ygou,bygou1l@yellowpages.com,Khorostkiv,Research and Development
59,Conway,Lapenna,clapenna1m@123-reg.co.uk,Nevers,Business Development
60,Winna,Fleckney,wfleckney1n@unicef.org,Tambakan,Services
61,Meredithe,Barajas,mbarajas1o@reference.com,Bungoma,Sales
62,Myrah,Johnsee,mjohnsee1p@instagram.com,Matumadua,Training
63,Anne-marie,Carabet,acarabet1q@clickbank.net,Gondomar,Human Resources
64,Padgett,Licquorish,plicquorish1r@prweb.com,Mawa,Research and Development
65,Sarine,Volcker,svolcker1s@mac.com,Verona,Research and Development
66,Derward,Thoms,dthoms1t@hp.com,As Salţ,Research and Development
67,Carly,McGrouther,cmcgrouther1u@angelfire.com,Mojorejo,Legal
68,Meghan,Gloster,mgloster1v@sohu.com,Książki,Human Resources
69,De,Licquorish,dlicquorish1w@latimes.com,Banjar Dauhpura,Product Management
70,Bailey,Doiley,bdoiley1x@biglobe.ne.jp,Perivóli,Accounting
71,Truman,Morffew,tmorffew1y@salon.com,Niedrzwica Duża,Training
72,Dulcia,Gudgion,dgudgion1z@dailymotion.com,Xiwanzi,Research and Development
73,Lori,McKeown,lmckeown20@aol.com,Yanchi,Product Management
74,Nataline,Jowle,njowle21@etsy.com,Kaishantun,Support
75,Weylin,Couche,wcouche22@meetup.com,Şūrān,Training
76,Nataniel,Diver,ndiver23@howstuffworks.com,Ashikaga,Business Development
77,Inessa,Andreev,iandreev24@china.com.cn,Dukuhmencek Lor,Training
78,Gerard,Hexum,ghexum25@wix.com,Радолишта,Research and Development
79,Vonni,Flucker,vflucker26@discuz.net,Quezon,Legal
80,Quinta,Dowty,qdowty27@irs.gov,Vaiamonte,Research and Development
81,Alleyn,Myner,amyner28@weather.com,Tīkāpur,Engineering
82,Zia,Caccavari,zcaccavari29@twitter.com,Karangtengah,Product Management
83,Lillian,Ludye,lludye2a@twitpic.com,Shido,Accounting
84,Trever,Spencer,tspencer2b@intel.com,Tanumshede,Training
85,Carol,Macura,cmacura2c@sina.com.cn,Rudnya,Sales
86,Alix,Coster,acoster2d@i2i.jp,Kotlyarevskaya,Services
87,Laetitia,Breffitt,lbreffitt2e@nhs.uk,San Juan de Mata,Legal
88,Noellyn,Hubbocks,nhubbocks2f@google.cn,Undurkhaan,Training
89,Genvieve,Lello,glello2g@delicious.com,Chendian,Engineering
90,Joaquin,Duckham,jduckham2h@behance.net,Zelenogradsk,Sales
91,Arturo,Bosquet,abosquet2i@canalblog.com,Sergokala,Engineering
92,Curry,O'Kuddyhy,cokuddyhy2j@trellian.com,Kinalaglagan,Human Resources
93,Petey,Gasparro,pgasparro2k@1und1.de,Kauit,Human Resources
94,Basia,Couvet,bcouvet2l@comsenz.com,Itabuna,Human Resources
95,Grannie,Peatheyjohns,gpeatheyjohns2m@cbslocal.com,Kramat,Human Resources
96,Cirillo,Pochon,cpochon2n@ed.gov,Paucar,Product Management
97,Thurstan,Sallter,tsallter2o@qq.com,Mencon,Engineering
98,Erskine,Perell,eperell2p@sogou.com,Sainte-Geneviève-des-Bois,Human Resources
99,Padraic,Learmonth,plearmonth2q@gizmodo.com,Sokol,Product Management
100,Dorri,Beecker,dbeecker2r@deliciousdays.com,Atlanta,Training
