id,first_name,last_name,email,location,department
1,Manda,Birdall,mbirdall0@odnoklassniki.ru,Xinjiang,Research and Development
2,Gaby,Slemmonds,gslemmonds1@elpais.com,Kéfalos,Sales
3,Monah,MacKniely,mmackniely2@bloglovin.com,Shaoxing,Engineering
4,Klarika,Corbie,kcorbie3@technorati.com,Saronída,Legal
5,Sayre,Stubbings,sstubbings4@miitbeian.gov.cn,Itapevi,Product Management
6,Emmi,Sabberton,esabberton5@latimes.com,Chirpan,Business Development
7,Herbie,Abadam,habadam6@dion.ne.jp,Sidi Redouane,Training
8,Cointon,Carverhill,ccarverhill7@hugedomains.com,Nauchnyy Gorodok,Training
9,Martelle,Ghirardi,mghirardi8@mapquest.com,Ocongate,Research and Development
10,Analise,Thackwray,athackwray9@ycombinator.com,Meishan,Accounting
11,Powell,Pomfret,ppomfreta@marriott.com,Ryūgasaki,Business Development
12,Lola,Zincke,lzinckeb@illinois.edu,Nagbalaye,Engineering
13,Jillayne,Maddern,jmaddernc@smugmug.com,Los Ángeles,Business Development
14,Bobinette,Bene,bbened@phpbb.com,Baozhu,Legal
15,Marion,Copcutt,mcopcutte@businessweek.com,Javarthushuu,Human Resources
16,Llewellyn,Josephy,ljosephyf@tamu.edu,Canis,Product Management
17,Claretta,Carder,ccarderg@foxnews.com,Krasni Okny,Services
18,Deanne,McCartan,dmccartanh@ifeng.com,Pukkila,Marketing
19,Linoel,Grieve,lgrievei@ucoz.com,Nong Hi,Marketing
20,Drusilla,Borrott,dborrottj@globo.com,Tambak,Accounting
21,Kristi,Stormont,kstormontk@berkeley.edu,Santa María de Caparo,Support
22,Mischa,Klemensiewicz,mklemensiewiczl@alibaba.com,Shixi,Business Development
23,Goddart,Odd,goddm@guardian.co.uk,Fresno,Accounting
24,Muffin,Waycott,mwaycottn@nytimes.com,Ugljevik,Research and Development
25,Minetta,Cogle,mcogleo@springer.com,Riit,Research and Development
26,Claudian,Kinnoch,ckinnochp@typepad.com,Pandan,Engineering
27,Alfie,Golling,agollingq@craigslist.org,Dianbu,Training
28,Bernadina,Ramsier,bramsierr@jigsy.com,Dūāb,Human Resources
29,Fonzie,Thunnercliff,fthunnercliffs@examiner.com,Manas,Product Management
30,Ailina,Burrass,aburrasst@psu.edu,Amsterdam Noord west,Legal
31,Ronnie,Baldassi,rbaldassiu@narod.ru,Nässjö,Training
32,Cornie,Blanko,cblankov@dropbox.com,Kostanay,Business Development
33,Clea,Trevenu,ctrevenuw@booking.com,Algeciras,Engineering
34,Trish,Dommett,tdommettx@wufoo.com,Jilili,Services
35,Benedicta,Maliphant,bmaliphanty@alibaba.com,Desa Margaluyu,Training
36,Jon,Renals,jrenalsz@posterous.com,Mtinko,Marketing
37,Antone,Themann,athemann10@taobao.com,Kletek,Human Resources
38,Kane,Brayne,kbrayne11@networksolutions.com,Cimuncang,Support
39,Nicoline,Hauxby,nhauxby12@sfgate.com,Pofadder,Training
40,Lilian,Kears,lkears13@bbb.org,Citeguh,Research and Development
41,Creight,Tommasi,ctommasi14@weibo.com,Termas de Río Hondo,Human Resources
42,Cindee,Silverlock,csilverlock15@java.com,Santa Venera,Business Development
43,Garik,Cradey,gcradey16@instagram.com,Wan’an,Marketing
44,Rollins,Pointer,rpointer17@utexas.edu,Radzanów,Support
45,Claudine,Tointon,ctointon18@guardian.co.uk,Bayasgalant,Support
46,Harmonia,Scrine,hscrine19@seesaa.net,Lianhe,Services
47,Shena,Amberson,samberson1a@vistaprint.com,Ivoti,Business Development
48,Herbert,Greaves,hgreaves1b@odnoklassniki.ru,Ciseureuheun,Engineering
49,Patsy,Gatty,pgatty1c@reddit.com,Serrana,Engineering
50,Read,Wellard,rwellard1d@admin.ch,Shiyu,Accounting
51,Kirbee,Elvey,kelvey1e@istockphoto.com,Buliu,Research and Development
52,Jourdan,Bescoby,jbescoby1f@1688.com,Yixin,Legal
53,Elspeth,Geraldi,egeraldi1g@homestead.com,Gulong,Support
54,Phebe,Durban,pdurban1h@sciencedaily.com,Kedungreja,Research and Development
55,Jephthah,Lummus,jlummus1i@fema.gov,Datartua,Engineering
56,Tommy,Adney,tadney1j@wordpress.com,Chumpi,Legal
57,Jameson,Pimmocke,jpimmocke1k@youtu.be,Bentiu,Product Management
58,Sigrid,Ewbanks,sewbanks1l@diigo.com,Kyzylzhar,Business Development
59,Janette,Dressel,jdressel1m@taobao.com,Boise,Support
60,Hyatt,Charkham,hcharkham1n@examiner.com,Mae Chan,Product Management
61,Petr,Rooksby,prooksby1o@php.net,Szczerbice,Human Resources
62,Jay,Nourse,jnourse1p@zimbio.com,Passa Quatro,Support
63,Lil,Pregel,lpregel1q@marketwatch.com,Paris 16,Services
64,Griff,Kiffe,gkiffe1r@csmonitor.com,Paris 03,Human Resources
65,Randa,Nanni,rnanni1s@princeton.edu,Gyumri,Human Resources
66,Cati,Pechet,cpechet1t@globo.com,Qarqaraly,Services
67,Bearnard,McMickan,bmcmickan1u@msn.com,Kalisari,Legal
68,Giacinta,Bohlmann,gbohlmann1v@comsenz.com,La Paz,Product Management
69,Ninon,Cholomin,ncholomin1w@ted.com,Chelles,Engineering
70,Lydia,Uwins,luwins1x@tripadvisor.com,Tamanar,Product Management
71,Laverna,Porker,lporker1y@tinyurl.com,Krajan Kinanti,Sales
72,Winnifred,Perello,wperello1z@wordpress.com,Huiyi,Business Development
73,Hugo,Sigward,hsigward20@sciencedaily.com,Sfax,Human Resources
74,Malva,Catonne,mcatonne21@sun.com,Al Maţarīyah,Human Resources
75,Sim,Bangley,sbangley22@webmd.com,Nilópolis,Legal
76,Rourke,Roft,rroft23@ezinearticles.com,Munse,Sales
77,Rochester,Bucke,rbucke24@newyorker.com,Kamenjane,Training
78,Murvyn,Leaney,mleaney25@nytimes.com,Sacsamarca,Services
79,Eadith,Jankowski,ejankowski26@google.es,Buinsk,Services
80,Aurilia,Dugmore,adugmore27@comsenz.com,Phayakkhaphum Phisai,Marketing
81,Tessa,O'Hone,tohone28@rediff.com,Boyu,Sales
82,Tressa,Gabbett,tgabbett29@1und1.de,Kaduketug,Business Development
83,Hartwell,Praill,hpraill2a@harvard.edu,‘Afrīn,Accounting
84,Tito,Oppie,toppie2b@squidoo.com,Căuşeni,Accounting
85,Sidnee,Delmage,sdelmage2c@ucoz.ru,Cirangkong,Human Resources
86,Charyl,Mullaney,cmullaney2d@devhub.com,Surkhakhi,Engineering
87,Stacy,Macourek,smacourek2e@mayoclinic.com,Eastern Suburbs Mc,Product Management
88,Gusella,McRobb,gmcrobb2f@msn.com,Zhinvali,Engineering
89,Valdemar,Gilvary,vgilvary2g@cocolog-nifty.com,Silca,Sales
90,Ulysses,Lepoidevin,ulepoidevin2h@paginegialle.it,Shuren,Accounting
91,Ianthe,Saker,isaker2i@rakuten.co.jp,‘Afrīn,Legal
92,Corrine,Curuclis,ccuruclis2j@woothemes.com,Monchegorsk,Business Development
93,Any,Basford,abasford2k@vkontakte.ru,Pancoran,Engineering
94,Cynthy,Copcutt,ccopcutt2l@nydailynews.com,Telouet,Legal
95,Mahalia,Snowball,msnowball2m@edublogs.org,Bałtów,Sales
96,Kimberli,Harburtson,kharburtson2n@icio.us,Leping,Research and Development
97,Bellina,Mitcheson,bmitcheson2o@usgs.gov,Cruz del Eje,Accounting
98,Koral,Messier,kmessier2p@w3.org,Dongshan,Legal
99,Perri,Fritchly,pfritchly2q@narod.ru,Uherské Hradiště,Engineering
100,Jeffry,MacTurlough,jmacturlough2r@nhs.uk,Shreveport,Legal
