id,first_name,last_name,email,location,department
1,Claus,Petruska,cpetruska0@nifty.com,Baru,Marketing
2,Tyrus,Searchfield,tsearchfield1@opensource.org,Padabeunghar,Marketing
3,Henrie,Boat,hboat2@digg.com,Laibin,Engineering
4,Vallie,Slimm,vslimm3@godaddy.com,Zhangcun,Sales
5,Brent,Wolland,bwolland4@ning.com,Alegrete,Engineering
6,Hashim,Epine,hepine5@hatena.ne.jp,Roubaix,Support
7,Beryle,Gori,bgori6@forbes.com,El Tambo,Product Management
8,Joannes,Cotes,jcotes7@ameblo.jp,Livingstone,Training
9,Thomasin,Vasishchev,tvasishchev8@sohu.com,Shuikou,Human Resources
10,Emeline,Bielfelt,ebielfelt9@nytimes.com,Huangjindong,Legal
11,Arvin,Armell,aarmella@biglobe.ne.jp,Iowa City,Marketing
12,Ray,Scurry,rscurryb@hc360.com,Timezgadiouine,Research and Development
13,Fonsie,Audibert,faudibertc@cpanel.net,Kokas,Training
14,Munmro,Papen,mpapend@tuttocitta.it,Nunsena,Sales
15,Pierette,Skures,pskurese@uol.com.br,Lazurne,Accounting
16,Ozzy,Gibbin,ogibbinf@clickbank.net,Kastav,Services
17,Padget,Gotliffe,pgotliffeg@china.com.cn,Fenais da Ajuda,Training
18,Sanderson,Fominov,sfominovh@rambler.ru,Thanatpin,Engineering
19,Corby,Sampey,csampeyi@bigcartel.com,Sabaneta,Research and Development
20,Maisey,Oland,molandj@godaddy.com,Garahan,Sales
21,Antoine,Farr,afarrk@blogtalkradio.com,Safonovo,Engineering
22,Vernor,Impett,vimpettl@shop-pro.jp,Masina,Legal
23,Aime,Lyffe,alyffem@stumbleupon.com,Meixi,Accounting
24,Concettina,Martinet,cmartinetn@washington.edu,Otutara,Research and Development
25,Katha,Marlor,kmarloro@blog.com,Babakansari,Research and Development
26,Rubetta,Farnan,rfarnanp@yellowpages.com,Obolo-Eke (1),Product Management
27,Harley,Tonge,htongeq@examiner.com,Parys,Human Resources
28,Kalindi,Cowles,kcowlesr@jugem.jp,Koubia,Legal
29,Shep,McNair,smcnairs@shareasale.com,Villa Dolores,Accounting
30,Glenn,McAloren,gmcalorent@mapy.cz,Kaeng Khoi,Business Development
31,Gard,Lafaye,glafayeu@harvard.edu,Cimaragas,Sales
32,Abbye,Glossup,aglossupv@businesswire.com,Velingrad,Product Management
33,Martie,Kleinhaut,mkleinhautw@ca.gov,Huaxijie,Accounting
34,Eleanora,Dendon,edendonx@who.int,Yuxi,Services
35,Cirilo,Levick,clevicky@ifeng.com,Hushaat,Engineering
36,Shoshana,Hanscome,shanscomez@tamu.edu,Lugar Novo,Business Development
37,Tiffy,Rooson,trooson10@google.fr,Odiongan,Engineering
38,Leo,Ranklin,lranklin11@huffingtonpost.com,Senglea,Support
39,Godart,Erley,gerley12@nifty.com,Cikarang,Engineering
40,Fredelia,Benian,fbenian13@yellowbook.com,Bascaron,Accounting
41,Mamie,Carine,mcarine14@plala.or.jp,Nickby,Support
42,Celisse,Chimienti,cchimienti15@unblog.fr,Lingkou,Support
43,Odelle,Huck,ohuck16@irs.gov,Columbus,Sales
44,Karrah,Ormiston,kormiston17@prweb.com,Mira,Marketing
45,Rollo,Water,rwater18@about.me,Cana Chapetón,Product Management
46,Rosco,Hauxley,rhauxley19@indiegogo.com,Xinglong,Accounting
47,Emmy,Stair,estair1a@webnode.com,Huogezhuang,Product Management
48,Irita,Whalley,iwhalley1b@oracle.com,Kanganpur,Business Development
49,Imelda,Ossulton,iossulton1c@tinyurl.com,Mojo,Business Development
50,Vanessa,Teare,vteare1d@miibeian.gov.cn,Adolfo Lopez Mateos,Research and Development
51,Bertie,Headan,bheadan1e@networksolutions.com,Pueblo Nuevo Viñas,Services
52,Alfie,McSorley,amcsorley1f@freewebs.com,Buga,Services
53,Nil,Norrington,nnorrington1g@nih.gov,Babiak,Accounting
54,Valaree,Bratcher,vbratcher1h@go.com,Niwiska,Training
55,Ursula,Athowe,uathowe1i@mayoclinic.com,Blon’,Sales
56,Goldy,Zanitti,gzanitti1j@jalbum.net,Arenas,Marketing
57,Adelaide,Izzat,aizzat1k@tinypic.com,Gendiwu,Human Resources
58,Thatcher,Warbrick,twarbrick1l@youku.com,Pocsi,Legal
59,Reinwald,Alfonso,ralfonso1m@edublogs.org,Kárystos,Business Development
60,Bearnard,Campbell-Dunlop,bcampbelldunlop1n@blogspot.com,Randegan,Services
61,Fionnula,Sweet,fsweet1o@discuz.net,Shuhe,Support
62,Bartram,Sainsbury-Brown,bsainsburybrown1p@liveinternet.ru,Nizhniy Novgorod,Product Management
63,Chet,Nodes,cnodes1q@example.com,Boyany,Product Management
64,Raviv,Culcheth,rculcheth1r@hostgator.com,Yingzhou,Human Resources
65,Mari,Blaiklock,mblaiklock1s@paginegialle.it,Ban Pong,Training
66,Allyce,Seniour,aseniour1t@answers.com,Makati City,Human Resources
67,Addy,Gherardini,agherardini1u@yahoo.com,Khadan Khāk,Product Management
68,Ursula,Bonallick,ubonallick1v@sfgate.com,Obonoma,Engineering
69,Cecelia,Kellogg,ckellogg1w@ucla.edu,Valleymount,Business Development
70,Homerus,Hurley,hhurley1x@tamu.edu,Alegria,Research and Development
71,Lorine,Bonwell,lbonwell1y@imgur.com,Askim,Product Management
72,Kendricks,Gurdon,kgurdon1z@rediff.com,Washington,Training
73,Mala,Van der Linde,mvanderlinde20@51.la,Fortios,Business Development
74,Lisbeth,Coad,lcoad21@plala.or.jp,Lukunor,Research and Development
75,Linn,Coutts,lcoutts22@multiply.com,Trabulheira,Business Development
76,Lorie,Edess,ledess23@list-manage.com,Bukomansimbi,Engineering
77,Gerti,Primak,gprimak24@dedecms.com,Ma’ao,Legal
78,Dolores,Brannan,dbrannan25@skype.com,Mukō,Support
79,Brigham,Rigney,brigney26@msu.edu,Cabeço,Training
80,Edi,Torns,etorns27@google.co.jp,Xucheng,Engineering
81,Lazaro,Thoumas,lthoumas28@eepurl.com,Kabanga,Product Management
82,Joline,Perryman,jperryman29@cloudflare.com,Harbour Breton,Business Development
83,Olympe,Hebden,ohebden2a@sitemeter.com,Arcena Pequena,Accounting
84,Fedora,Vassano,fvassano2b@oracle.com,Louredo,Marketing
85,Faye,Mahy,fmahy2c@woothemes.com,Rulenge,Services
86,Tibold,Ventris,tventris2d@php.net,Guantouzui,Marketing
87,Auguste,Poundsford,apoundsford2e@slashdot.org,Jiuquan,Engineering
88,Elspeth,Shimuk,eshimuk2f@tripadvisor.com,Belén,Sales
89,Nicko,Burstowe,nburstowe2g@paginegialle.it,Vancouver,Human Resources
90,Lena,Gellately,lgellately2h@reuters.com,Mulhouse,Sales
91,Carmelita,Heakins,cheakins2i@geocities.com,Pare,Accounting
92,Allx,Alyonov,aalyonov2j@flavors.me,Laowobao,Support
93,Oneida,Chasson,ochasson2k@state.gov,Koszyce Wielkie,Marketing
94,Ignazio,Rojas,irojas2l@cafepress.com,Chaoshui,Training
95,Kristal,Labat,klabat2m@vistaprint.com,Alfortville,Marketing
96,Roseline,Lamport,rlamport2n@squarespace.com,Czyżowice,Sales
97,Bartholomeo,Cheson,bcheson2o@uiuc.edu,Gospić,Sales
98,Brita,Bullivent,bbullivent2p@state.gov,Chicago,Support
99,Merissa,Hulks,mhulks2q@posterous.com,Akhtarīn,Sales
100,Barnebas,Antrack,bantrack2r@dyndns.org,‘Alīābād-e Katūl,Sales
